<?xml version="1.0" encoding="UTF-8"?>  
<beans xmlns="http://www.springframework.org/schema/beans"  
        xmlns:xsi="http://www.w3.org/2001/XMLSchema-instance"  
        xmlns:aop="http://www.springframework.org/schema/aop"  
        xmlns:p="http://www.springframework.org/schema/p"  
        xmlns:tx="http://www.springframework.org/schema/tx"  
        xmlns:context="http://www.springframework.org/schema/context"  
        xsi:schemaLocation="   
            http://www.springframework.org/schema/beans http://www.springframework.org/schema/beans/spring-beans-2.5.xsd   
            http://www.springframework.org/schema/aop http://www.springframework.org/schema/aop/spring-aop-2.5.xsd   
            http://www.springframework.org/schema/tx http://www.springframework.org/schema/tx/spring-tx-2.5.xsd 
            http://www.springframework.org/schema/context 
            http://www.springframework.org/schema/context/spring-context.xsd">  
		<context:component-scan base-package="com.smbms.service"/>
		<context:component-scan base-package="com.smbms.dao"/>
		<context:property-placeholder location="classpath:jdbc.properties"/>
		<bean id="dataSource" class="org.apache.commons.dbcp.BasicDataSource">
			<property name="driverClassName" value="${mysql.driver}" />
				<property name="url" value="${mysql.url}" />
				<property name="username" value="${mysql.username}" />
				<property name="password" value="${mysql.password}" />
		</bean>
		<bean id="sqlSessionFactory" class="org.mybatis.spring.SqlSessionFactoryBean">
			<property name="dataSource" ref="dataSource"></property>
			<property name="configLocation" value="classpath:mybatis-config.xml"></property>
		</bean>
		<bean class="org.mybatis.spring.mapper.MapperScannerConfigurer">
			<property name="basePackage" value="com.smbms.dao"></property>
		</bean>
		<bean id="txManager" class="org.springframework.jdbc.datasource.DataSourceTransactionManager">
			<property name="dataSource" ref="dataSource"></property>
		</bean>
		<tx:annotation-driven transaction-manager="txManager"/>
</beans>