<?xml version="1.0" encoding="UTF-8"?>
<beans xmlns="http://www.springframework.org/schema/beans"
    xmlns:xsi="http://www.w3.org/2001/XMLSchema-instance"
    xmlns:mvc="http://www.springframework.org/schema/mvc"
    xmlns:p="http://www.springframework.org/schema/p"
    xmlns:context="http://www.springframework.org/schema/context"
    xsi:schemaLocation="
        http://www.springframework.org/schema/beans
        http://www.springframework.org/schema/beans/spring-beans.xsd
        http://www.springframework.org/schema/context
        http://www.springframework.org/schema/context/spring-context.xsd
        http://www.springframework.org/schema/mvc
        http://www.springframework.org/schema/mvc/spring-mvc.xsd">
	<context:component-scan base-package="com.smbms.controller"></context:component-scan>
	<mvc:annotation-driven></mvc:annotation-driven>
	<!-- <mvc:resources location="/statics/" mapping="/statics/**"></mvc:resources> -->
	<bean class="org.springframework.web.servlet.view.InternalResourceViewResolver">
		<property name="prefix" value="/WEB-INF/jsp/"></property>
		<property name="suffix" value=".jsp"></property>
	</bean>
	  <mvc:default-servlet-handler/>
	<mvc:interceptors>
		<mvc:interceptor>
			<mvc:mapping path="/sys/*"/>
			<bean class="com.smbms.util.SysInterceptor"></bean>
		</mvc:interceptor>
	</mvc:interceptors>
</beans>